id,pool
3160664,True
3195184,False
3224078,False
3233712,True
3201449,True
3212349,True
3220581,False
3189019,False
3174978,False
3173758,False
3194716,False
3222611,False
3223184,False
3193791,False
3225370,True
3178839,True
3210895,True
3189569,False
3221836,False
3209694,True
3225035,False
3172278,False
3164941,False
3209269,True
3166645,False
3158789,True
3193968,False
3218429,True
3194579,False
3194363,False
3185628,True
3161953,True
3199739,False
3169757,False
3199118,True
3219596,False
3151612,True
3172223,True
3171106,False
3221758,True
3229106,False
3180813,False
3189474,False
3150787,True
3166717,True
3181846,True
3148052,True
3154212,True
3198106,True
3238287,False
3161883,True
3210041,True
3181713,False
3212382,True
3197904,True
3215890,True
3169516,True
3219408,True
3211757,True
3148719,False
3218387,False
3192706,False
3148096,False
3212044,True
3180059,True
3231145,True
3163892,False
3186276,False
3218080,False
3174719,True
3210918,True
3225718,True
3238775,False
3162399,True
3152294,False
3204542,False
3177068,False
3154288,False
3194244,False
3191269,True
3202806,False
3186025,False
3213106,True
3201003,False
3172831,True
3185314,False
3175785,True
3234882,False
3208377,False
3209805,False
3230356,False
3202181,True
3174282,False
3229184,False
3168380,True
3178131,True
3198681,True
3201815,True
3177525,False
3205103,True
3208432,True
3216931,True
3236278,False
3236311,True
3202207,True
3205189,True
3186084,True
3194368,False
3212448,True
3159669,False
3237889,True
3201234,False
3161522,True
3237898,True
3204653,False
3220405,True
3235897,False
3146260,False
3178601,False
3207908,True
3209668,True
3185670,False
3232940,True
3204683,True
3235263,False
3228692,True
3174995,False
3211987,True
3200347,True
3202452,True
3210936,True
3221153,True
3178465,False
3161058,False
3239154,True
3149993,False
3204570,True
3215282,True
3216914,True
3216104,True
3223514,False
3153665,True
3158806,True
3230547,True
3217921,True
3237277,False
3210956,True
3155543,False
3189123,False
3178260,True
3224001,True
3226280,True
3211174,False
3159741,False
3172892,True
3221122,False
3180526,True
3172005,False
3191300,True
3210297,True
3199102,False
3218840,True
3236110,False
3160922,False
3198230,True
3216543,False
3187465,True
3209677,False
3227931,True
3185776,False
3139991,False
3175821,False
3230913,True
3165661,False
3188406,True
3167439,True
3176748,False
3142807,False
3171445,False
3191637,False
3206680,False
3175396,True
3213076,True
3231047,True
3234737,True
3212394,False
3233761,True
3210322,True
3172301,False
3182408,False
3176711,False
3167445,True
3228306,True
3211312,False
3236710,True
3221931,True
3206251,False
3185106,True
3168293,False
3230102,True
3228827,True
3232734,True
3206277,True
3230298,False
3217265,False
3188358,True
3171472,False
3232162,True
3194706,False
3196283,False
3155466,False
3207449,True
3175799,True
3224450,False
3224410,True
3204247,True
3191848,False
3234460,True
3158008,True
3179837,True
3226065,False
3185363,True
3232333,True
3199759,False
3196262,False
3186216,True
3214895,False
3211704,False
3197072,False
3162256,True
3212708,False
3197465,False
3217490,False
3231631,True
3233497,True
3237768,True
3180326,True
3167945,True
3237344,False
3225355,True
3216457,True
3165220,False
3194608,False
3144745,True
3211446,False
3149994,False
3167324,False
3211275,True
3227333,False
3148120,True
3199657,False
3231264,True
3173380,False
3167901,False
3226746,False
3197369,False
3147967,True
3179907,True
3144180,False
3176831,False
3217749,True
3166132,False
3198747,True
3172689,False
3203849,True
3206124,True
3212401,True
3192165,True
3201820,False
3215649,True
3178576,True
3222523,True
3213580,True
3219204,False
3151499,False
3236092,False
3188881,True
3230089,False
3237206,False
3236879,False
3152029,False
3197218,True
3210831,True
3198123,False
3204698,False
3188818,False
3174801,False
3180388,True
3158763,True
3176609,True
3214537,True
3221572,False
3178958,False
3178445,False
3208280,True
3173898,False
3161145,False
3160754,False
3182514,False
3222089,True
3206917,False
3184746,False
3193307,True
3178827,True
3235474,True
3169953,False
3151701,False
3163569,False
3144181,False
3167182,True
3171103,True
3227130,False
3156015,True
3178818,False
3148035,False
3230563,True
3210805,False
3179456,False
3198718,False
3238182,False
3181039,True
3170290,False
3168331,False
3151399,False
3227242,False
3152900,False
3147149,False
3190717,False
3160332,True
3172336,False
3199586,False
3182831,False
3239299,False
3225109,True
3190795,False
3169242,False
3201664,True
3180635,True
3219348,True
3181932,False
3211549,True
3230396,False
3176435,True
3195689,True
3196887,True
3228638,True
3168671,True
3162313,False
3173582,False
3225499,True
3160442,True
3200208,True
3190525,False
3180190,False
3159903,True
3172211,True
3205906,True
3160348,False
3186877,False
3198499,False
3163992,False
3239112,True
3214421,True
3210619,True
3213151,True
3236705,True
3159906,False
3183519,True
3220571,True
3156277,False
3200877,False
3198623,True
3167409,False
3177800,True
3181180,False
3153527,True
3205907,True
3157733,True
3153366,False
3220005,True
3226414,True
3196108,False
3166238,False
3222902,True
3196757,True
3167152,False
3201074,False
3170811,True
3180787,False
3221078,True
3190950,False
3157040,True
3158109,False
3145559,False
3154340,False
3194718,True
3235868,True
3200253,True
3215084,True
3149002,True
3166085,False
3215630,False
3181233,True
3233989,True
3227675,True
3173132,True
3207226,False
3223537,False
3235223,True
3189229,False
3157917,True
3196744,False
3228165,False
3211739,True
3233326,True
3175366,False
3183045,True
3236746,False
3202816,False
3182675,False
3206575,True
3222850,True
3236052,False
3183310,False
3208360,True
3214431,True
3186844,False
3199262,False
3182582,False
3206099,True
3217377,True
3171240,False
3164975,True
3185283,False
3204343,True
3225145,True
3236326,False
3152486,False
3221601,True
3204500,True
3189002,False
3188956,True
3172191,False
3181913,False
3216630,True
3207156,True
3210271,True
3161379,True
3233294,True
3183521,True
3195085,False
3170218,True
3201701,True
3237793,True
3231494,True
3235573,False
3161327,True
3203110,False
3238540,True
3141439,True
3191550,False
3234417,True
3205920,True
3220986,True
3173767,False
3152402,True
3200115,True
3169232,True
3201802,False
3203077,True
3170979,True
3218055,True
3195420,False
3194169,False
3220733,False
3181293,True
3213064,True
3184308,True
3194397,True
3142387,False
3176097,False
3207128,False
3201476,True
3234377,True
3194502,True
3215403,True
3205508,False
3230020,False
3201536,True
3168300,False
3195851,True
3169377,False
3214307,False
3236343,False
3173031,True
3144717,True
3179474,False
3233831,True
3182294,False
3220565,True
3211140,False
3222379,False
3232583,True
3218397,True
3236338,True
3207165,False
3209239,False
3188424,True
3211880,True
3166753,False
3233059,False
3223383,True
3227417,True
3168915,True
3196476,False
3175303,True
3181241,True
3169117,True
3212274,True
3177205,False
3216868,True
3177595,True
3159302,True
3183838,True
3181883,False
3188969,True
3211156,True
3162374,False
3221089,True
3174991,True
3203902,False
3200580,True
3221700,False
3187494,False
3237500,True
3187843,True
3179437,False
3185483,False
3237858,True
3233216,True
3230041,True
3188063,True
3174988,False
3198180,False
3173685,True
3183691,False
3160942,True
3150872,False
3222687,True
3197060,False
3210529,True
3234143,True
3207247,False
3164155,False
3208203,False
3178214,True
3227164,True
3200420,True
3188695,True
3163713,False
3151760,True
3197089,False
3175329,False
3184502,False
3194921,False
3170556,False
3164231,False
3222222,True
3160714,False
3237329,True
3230773,True
3197732,False
3211378,False
3222807,False
3224030,True
3195574,False
3216523,True
3198369,False
3159207,True
3195711,False
3177936,False
3201705,False
3159450,False
3225807,True
3162622,False
3188821,False
3147923,False
3236647,False
3214071,False
3191253,True
3211411,True
3218777,True
3190683,False
3148913,True
3205758,False
3218836,False
3209830,False
3199528,True
3215139,True
3154555,True
3233358,True
3232951,True
3179444,True
3188223,False
3210969,True
3207479,False
3184076,True
3195095,False
3208927,True
3237293,True
3205223,False
3194738,False
3215120,True
3178353,False
3160093,True
3226725,False
3197034,False
3215223,False
3230058,True
3195242,True
3177610,False
3176518,True
3162377,True
3187888,True
3229265,False
3237760,True
3144685,True
3222038,False
3181412,True
3190576,False
3183064,True
3177441,True
3201826,True
3219578,True
3184821,False
3177426,False
3221710,False
3167925,False
3207273,False
3170867,True
3167158,True
3158114,False
3220466,True
3238796,True
3183290,False
3232055,True
3216186,True
3229905,True
3179755,False
3209256,False
3211555,True
3209538,True
3233352,False
3202100,False
3215820,False
3215572,False
3162812,False
3197588,False
3169236,False
3214960,True
3213721,True
3204263,True
3203272,False
3218536,False
3198433,False
3154569,True
3181352,False
3139963,True
3231576,False
3178557,True
3165935,False
3215849,True
3196813,False
3186850,False
3207196,True
3176174,False
3208778,True
3153062,False
3163825,True
3206882,False
3162583,True
3204762,False
3158474,False
3172905,False
3159180,False
3157250,True
3165801,False
3181458,True
3238597,False
3199285,True
3237226,False
3146020,False
3152352,False
3209940,False
3220488,True
3222805,True
3214220,False
3178509,True
3212441,True
3171388,False
3217397,True
3216681,False
3193932,False
3165608,False
3221216,False
3217307,True
3167460,False
3184317,True
3157642,False
3216684,False
3168134,True
3207705,True
3219586,True
3231737,True
3223721,False
3236373,True
3158623,True
3191475,False
3215786,True
3162537,True
3182628,False
3178515,True
3156807,True
3200478,False
3157047,True
3206092,True
3212442,True
3166229,False
3170509,False
3192973,False
3176595,False
3217804,True
3237225,True
3225585,True
3195950,True
3186623,False
3187431,True
3170375,False
3191625,False
3228981,True
3169402,True
3221402,True
3169867,True
3209727,True
3170697,True
3192005,True
3144476,False
3219940,True
3236176,True
3193716,True
3176337,False
3159109,True
3167431,False
3180010,False
3222430,False
3157336,False
3195016,False
3217404,True
3228521,True
3202163,False
3173438,True
3233839,False
3198845,True
3162942,False
3219259,True
3236688,True
3207679,True
3180865,False
3184005,True
3179686,False
3201973,True
3189723,False
3147327,True
3172614,True
3199948,True
3237174,True
3219373,False
3212299,True
3162693,True
3168063,True
3173868,False
3205507,True
3184942,True
3179353,False
3193182,True
3178493,False
3222663,True
3216192,True
3179207,False
3181503,True
3216554,False
3187472,False
3236219,False
3183309,False
3231851,False
3208855,True
3233399,True
3200452,True
3152488,False
3186342,False
3238405,True
3235543,False
3232344,True
3159418,True
3204145,True
3156665,True
3157020,True
3190473,True
3163295,False
3224744,False
3196429,False
3211244,True
3167592,False
3175402,False
3184451,True
3212483,True
3196809,False
3186233,False
3201393,False
3210837,True
3226827,False
3165648,True
3197303,False
3236272,False
3153137,True
3232289,False
3207931,True
3155875,True
3218715,False
3194584,False
3203859,True
3227008,True
3173077,False
3234656,True
3200871,False
3230010,False
3173809,False
3171810,False
3167529,False
3219400,True
3196285,True
3165950,False
3193911,True
3218478,True
3238075,False
3202058,False
3202463,False
3217856,False
3167132,True
3177448,False
3202226,False
3158959,True
3201042,False
3180079,True
3189091,False
3180614,True
3232618,True
3230930,True
3171083,True
3168538,False
3168123,True
